USE Collections;
INSERT INTO Visitor VALUES ("FriendlyJohn", "Johnpassword", "8864084693", "John@gmail.com", "John", False);
INSERT INTO Visitor VALUES ("Tha Jerry", "Jerrypassword", "5204090006", "Jerry@gmail.com", "Jerry", False);
INSERT INTO Visitor VALUES ("Tha James", "Jamespassword", "7853170610", "James@gmail.com", "James", False);
INSERT INTO Visitor VALUES ("Tha Jason", "Jasonpassword", "8707958168", "Jason@gmail.com", "Jason", False);
INSERT INTO Visitor VALUES ("Barbra", "Barbrapassword", "6622912923", "Barbra@gmail.com", "Barbra", True);
INSERT INTO Visitor VALUES ("Tha Tony The Kid", "Tonypassword", "4936361441", "Tony@gmail.com", "Tony", True);
INSERT INTO Visitor VALUES ("EpicCrony", "Cronypassword", "0148076241", "Crony@gmail.com", "Crony", True);
INSERT INTO Visitor VALUES ("EpicFred", "Fredpassword", "3733654516", "Fred@gmail.com", "Fred", False);
INSERT INTO Visitor VALUES ("Tha Josh", "Joshpassword", "9426683374", "Josh@gmail.com", "Josh", False);
INSERT INTO Visitor VALUES ("EpicIsaac", "Isaacpassword", "1459163974", "Isaac@gmail.com", "Isaac", True);
INSERT INTO Visitor VALUES ("EpicHenry my man", "Henrypassword", "9693424983", "Henry@gmail.com", "Henry", False);
INSERT INTO Visitor VALUES ("FriendlyHarry", "Harrypassword", "7897960711", "Harry@gmail.com", "Harry", True);
INSERT INTO Visitor VALUES ("EpicHog my man", "Hogpassword", "5539488600", "Hog@gmail.com", "Hog", True);
INSERT INTO Visitor VALUES ("CoolStradika The Kid", "Stradikapassword", "5418496909", "Stradika@gmail.com", "Stradika", False);
INSERT INTO Visitor VALUES ("EpicVignesh", "Vigneshpassword", "7316196161", "Vignesh@gmail.com", "Vignesh", False);
INSERT INTO Visitor VALUES ("CoolManindra", "Manindrapassword", "6876132896", "Manindra@gmail.com", "Manindra", True);

INSERT INTO Client VALUES ("FriendlyRichard", "Richardpassword", "2403523317", "Richard@hotmail.com", "Richard");
INSERT INTO Client VALUES ("FriendlyJimmy", "Jimmypassword", "7131048802", "Jimmy@hotmail.com", "Jimmy");
INSERT INTO Client VALUES ("Tha Justin", "Justinpassword", "1281188695", "Justin@hotmail.com", "Justin");
INSERT INTO Client VALUES ("EpicBrian", "Brianpassword", "8923445207", "Brian@hotmail.com", "Brian");
INSERT INTO Client VALUES ("FriendlyHarold The Kid", "Haroldpassword", "1258405223", "Harold@hotmail.com", "Harold");
INSERT INTO Client VALUES ("FriendlyGuy", "Guypassword", "8357406146", "Guy@hotmail.com", "Guy");

INSERT INTO Collection VALUES (1, "FriendlyRichard", "FriendlyRichard the collection", "Expansive Transformers Guitar Vinyls Transformers Baby Big My Vinyls red", "collection_image0.jpg", "1390-03-01");
INSERT INTO Collection VALUES (2, "FriendlyJimmy", "FriendlyJimmys collection", "Cool Barbie Expansive Vinyls Pokemon Cards Cool Big Video Games Collection Vinyls", "collection_image1.jpg", "1215-07-03");
INSERT INTO Collection VALUES (3, "Tha Justin", "Tha Justin the collection", "Expansive Video Games red The Baby Guitar Collection Baby Beige Expansive", "collection_image2.jpg", "1844-01-02");
INSERT INTO Collection VALUES (4, "EpicBrian", "EpicBrian the collection", "Guitar Transformers Transformers Baby Trash Big My Vinyls Cool Baseball Cards", "collection_image3.jpg", "1184-06-08");
INSERT INTO Collection VALUES (5, "FriendlyHarold The Kid", "FriendlyHarold The Kids stuff", "Baseball Cards Trash Pokemon Cards My Transformers Expansive Barbie Trash Vinyls Trash", "collection_image4.jpg", "1534-05-02");
INSERT INTO Collection VALUES (6, "FriendlyGuy", "FriendlyGuys stuff", "Righteous Big Transformers Trash Vinyls Cool My red Vinyls Trash", "collection_image5.jpg", "1528-01-01");
INSERT INTO Collection VALUES (7, "FriendlyRichard", "FriendlyRichards stuff", "Baseball Cards Pokemon Cards Guitar Cool Big Baby Barbie Video Games Video Games Cool", "collection_image6.jpg", "1472-02-06");

INSERT INTO Item VALUES (1, 1, "Game Akai", "Anime Akai Transformers LP EP red Jupiter Cereal EP Yamaha", "1909-02-08", "1360-09-03", "item_image0.jpg");
INSERT INTO Item VALUES (2, 2, "Mega Baseball", "Sailor Mega Jupiter Unopened Guitar Transformers Yamaha Truck Big 10pk", "1322-04-06", "1649-07-04", "item_image1.jpg");
INSERT INTO Item VALUES (3, 3, "1980s Sailor", "10pk Guitar Baseball Cards Righteous Classic Game Righteous Cool Monster Jupiter", "1805-04-09", "1085-09-02", "item_image2.jpg");
INSERT INTO Item VALUES (4, 4, "Cereal Yamaha", "Baseball Cards Expansive LP Game Barbie 10pk Akai Collection LP Yamaha", "1837-08-05", "1959-09-09", "item_image3.jpg");
INSERT INTO Item VALUES (5, 5, "Jupiter Super", "Akai Super Barbie red Unopened 10pk Barbie Akai Akai Baseball Cards", "1797-08-05", "1235-06-07", "item_image4.jpg");
INSERT INTO Item VALUES (6, 6, "Super Baseball", "Collection Righteous Expansive Video Games Yamaha The Cereal Expansive Sailor Transformers", "1426-07-04", "1349-09-09", "item_image5.jpg");
INSERT INTO Item VALUES (7, 7, "Monster Anime", "My Baby Saturn Collection Barbie Sailor Yamaha The Game Mega", "1050-08-04", "1271-04-01", "item_image6.jpg");
INSERT INTO Item VALUES (8, 1, "LP Game", "Vinyls Truck Anime LP Transformers Yamaha Baseball Truck Akai Baby", "1930-02-07", "1346-07-07", "item_image7.jpg");
INSERT INTO Item VALUES (9, 2, "Barbie Saturn", "EP Righteous Jupiter Collection My Big Akai Baseball Cards Baseball Cards 1980s", "1314-05-02", "1065-06-09", "item_image8.jpg");
INSERT INTO Item VALUES (10, 3, "Akai Baseball", "EP Transformers Video Games Sailor Mega Yamaha Righteous Super LP Classic", "1277-01-04", "1826-04-05", "item_image9.jpg");
INSERT INTO Item VALUES (11, 4, "Cereal EP", "Anime Saturn Pokemon Cards Video Games Anime Expansive Cereal Moon Anime Jupiter", "1399-07-08", "1185-03-09", "item_image10.jpg");
INSERT INTO Item VALUES (12, 5, "10pk Saturn", "Saturn Mega Moon Unopened Sailor Vinyls Transformers Truck Barbie Akai", "1139-01-02", "1606-01-07", "item_image11.jpg");
INSERT INTO Item VALUES (13, 6, "Jupiter Baseball", "Unopened Baseball Baby EP Big Barbie LP LP Super Jupiter", "1635-08-03", "1273-01-06", "item_image12.jpg");
INSERT INTO Item VALUES (14, 7, "1980s Yamaha", "Guitar Saturn Truck Beige Expansive Barbie Vinyls EP Pokemon Cards Guitar", "1205-08-06", "1134-09-01", "item_image13.jpg");
INSERT INTO Item VALUES (15, 1, "Moon Classic", "Yamaha 10pk Truck 10pk Yamaha Cereal Expansive Moon The Game", "1264-02-08", "1577-09-07", "item_image14.jpg");
INSERT INTO Item VALUES (16, 2, "Truck Saturn", "Baseball Cards Barbie Guitar Jupiter Beige Yamaha Beige The Trash Pokemon Cards", "1475-03-04", "1125-02-08", "item_image15.jpg");
INSERT INTO Item VALUES (17, 3, "LP Moon", "Cereal Expansive EP 1980s Cereal Collection Guitar Expansive Saturn Game", "1777-03-01", "1807-07-05", "item_image16.jpg");
INSERT INTO Item VALUES (18, 4, "Game Cereal", "Righteous Cool Game Transformers Righteous Monster Moon Barbie Moon Trash", "1848-09-05", "1189-03-06", "item_image17.jpg");
INSERT INTO Item VALUES (19, 5, "Truck Sailor", "Beige Cereal Mega Unopened 1980s My Expansive Baseball Cards Game Jupiter", "1990-05-04", "1392-05-06", "item_image18.jpg");
INSERT INTO Item VALUES (20, 6, "Mega Yamaha", "Mega Akai The Beige Vinyls Sailor The Yamaha 10pk Barbie", "1137-03-08", "1191-07-06", "item_image19.jpg");
INSERT INTO Item VALUES (21, 7, "Saturn Truck", "10pk Barbie Classic Game Video Games The Mega Transformers The Moon", "1072-08-01", "1198-06-05", "item_image20.jpg");
INSERT INTO Item VALUES (22, 1, "Baseball Moon", "Unopened Mega Sailor Baseball Cards My Anime Game Moon Baby 10pk", "1744-09-01", "1885-01-03", "item_image21.jpg");
INSERT INTO Item VALUES (23, 2, "Sailor Unopened", "Video Games Expansive Baby Righteous 1980s Trash Mega red Righteous EP", "1351-02-07", "1716-03-09", "item_image22.jpg");
INSERT INTO Item VALUES (24, 3, "Game Classic", "Classic Baseball Cards Expansive Video Games Baseball Beige Monster Barbie Expansive Baseball", "1800-03-05", "1978-08-03", "item_image23.jpg");
INSERT INTO Item VALUES (25, 4, "Monster Sailor", "Anime Unopened Pokemon Cards Game Monster LP Collection EP Baseball Baby", "1094-02-01", "1472-05-02", "item_image24.jpg");
INSERT INTO Item VALUES (26, 5, "Monster LP", "1980s Sailor Expansive Sailor Vinyls 1980s Transformers Baseball Cards Jupiter Video Games", "1041-07-02", "1112-06-04", "item_image25.jpg");
INSERT INTO Item VALUES (27, 6, "Monster Moon", "Game Baby Video Games Baseball Cards Unopened Baseball My Classic Guitar Transformers", "1671-05-04", "1148-03-01", "item_image26.jpg");
INSERT INTO Item VALUES (28, 7, "Sailor Truck", "Pokemon Cards Guitar Barbie Game 10pk Yamaha Yamaha Truck Game Baseball Cards", "1824-07-09", "1211-05-08", "item_image27.jpg");
INSERT INTO Item VALUES (29, 1, "Sailor Saturn", "Yamaha EP Barbie Game Righteous Guitar 10pk Pokemon Cards Game LP", "1947-03-07", "1367-08-09", "item_image28.jpg");
INSERT INTO Item VALUES (30, 2, "Anime Mega", "Cool Classic Saturn The Super Saturn Truck Expansive Yamaha Righteous", "1351-02-06", "1736-06-04", "item_image29.jpg");
INSERT INTO Item VALUES (31, 3, "Super Baseball", "EP Anime LP Akai Yamaha Video Games Vinyls Game Big The", "1974-09-05", "1852-02-03", "item_image30.jpg");
INSERT INTO Item VALUES (32, 4, "Mega Akai", "Barbie Big Moon Sailor Guitar Saturn Transformers Cool Saturn Vinyls", "1302-06-07", "1749-09-07", "item_image31.jpg");
INSERT INTO Item VALUES (33, 5, "Anime Anime", "1980s Trash Monster Unopened Cereal Cereal Transformers Baseball Pokemon Cards Unopened", "1519-01-03", "1784-07-04", "item_image32.jpg");
INSERT INTO Item VALUES (34, 6, "EP Super", "Classic Big Trash Cereal Beige Baseball Moon Sailor Jupiter Moon", "1693-04-07", "1997-06-06", "item_image33.jpg");
INSERT INTO Item VALUES (35, 7, "Cereal Saturn", "Akai Trash Truck Barbie Vinyls Collection Jupiter Big Anime Transformers", "1193-06-09", "1469-09-09", "item_image34.jpg");
INSERT INTO Item VALUES (36, 1, "Cereal Saturn", "Cool Baby Game My Baseball Cards Barbie Yamaha Video Games Game Barbie", "1539-04-01", "1979-02-05", "item_image35.jpg");
INSERT INTO Item VALUES (37, 2, "Mega Unopened", "Mega Transformers Expansive Baseball Cards My Baseball Cards Cereal Righteous Cool 1980s", "1667-07-01", "1832-07-07", "item_image36.jpg");
INSERT INTO Item VALUES (38, 3, "Anime Game", "Expansive 1980s red Beige LP Anime Big Beige Truck Barbie", "1785-06-06", "1352-02-01", "item_image37.jpg");
INSERT INTO Item VALUES (39, 4, "Classic 1980s", "Jupiter Anime Moon Beige Jupiter Guitar Baby Game Pokemon Cards Transformers", "1405-06-05", "1112-06-06", "item_image38.jpg");
INSERT INTO Item VALUES (40, 5, "Anime Akai", "Truck Cool EP Barbie Game Jupiter Anime Saturn My red", "1614-07-03", "1073-02-08", "item_image39.jpg");
INSERT INTO Item VALUES (41, 6, "LP EP", "Super Sailor Big Guitar Pokemon Cards The Baseball Cards Mega Big Akai", "1845-06-01", "1768-07-05", "item_image40.jpg");
INSERT INTO Item VALUES (42, 7, "Monster Barbie", "red Anime Beige Barbie Super Big Baseball Video Games Moon 10pk", "1125-03-03", "1331-07-08", "item_image41.jpg");
INSERT INTO Item VALUES (43, 1, "Truck Cereal", "Sailor Baby EP red Vinyls The Game Sailor Mega Game", "1278-08-04", "1594-03-09", "item_image42.jpg");
INSERT INTO Item VALUES (44, 2, "Monster Super", "Barbie Mega My Video Games Sailor Video Games Anime Vinyls Video Games Cereal", "1891-01-03", "1083-04-03", "item_image43.jpg");
INSERT INTO Item VALUES (45, 3, "Moon Barbie", "Truck Barbie Trash Truck Akai Transformers Video Games Pokemon Cards Baseball red", "1126-05-05", "1806-08-06", "item_image44.jpg");
INSERT INTO Item VALUES (46, 4, "Sailor Mega", "Barbie Pokemon Cards Saturn 1980s Mega Saturn Yamaha Super Game Monster", "1335-08-05", "1396-06-02", "item_image45.jpg");
INSERT INTO Item VALUES (47, 5, "Sailor Classic", "EP Cereal Big Anime Baseball Cards Beige Akai Baby Collection Baseball", "1836-02-01", "1272-02-07", "item_image46.jpg");
INSERT INTO Item VALUES (48, 6, "Akai Mega", "Baseball Cards Cereal Baby Game Guitar Jupiter Game Baseball Moon Pokemon Cards", "1245-06-08", "1855-07-05", "item_image47.jpg");
INSERT INTO Item VALUES (49, 7, "10pk Cereal", "Classic Monster Anime Yamaha Barbie Video Games Cool Video Games Yamaha 10pk", "1305-06-09", "1544-09-08", "item_image48.jpg");
INSERT INTO Item VALUES (50, 1, "Classic Jupiter", "Mega Mega The Pokemon Cards Transformers Unopened Pokemon Cards Transformers Righteous Trash", "1902-08-06", "1388-09-09", "item_image49.jpg");
INSERT INTO Item VALUES (51, 2, "Jupiter Baseball", "Yamaha Moon Barbie 10pk Beige Barbie My red Baseball Jupiter", "1002-02-01", "1282-06-07", "item_image50.jpg");
INSERT INTO Item VALUES (52, 3, "Yamaha Moon", "Barbie Baseball Game Guitar Sailor The Super Transformers My Baby", "1651-03-09", "1312-03-03", "item_image51.jpg");
INSERT INTO Item VALUES (53, 4, "Unopened Cereal", "Barbie Transformers Cool Anime 1980s red Big 1980s Unopened Monster", "1354-04-08", "1317-06-02", "item_image52.jpg");
INSERT INTO Item VALUES (54, 5, "Jupiter Monster", "Game Yamaha Yamaha Baseball Cereal Cereal Collection Unopened 1980s Baseball Cards", "1817-05-07", "1067-03-06", "item_image53.jpg");
INSERT INTO Item VALUES (55, 6, "Saturn Akai", "1980s Baby Truck Saturn Video Games Pokemon Cards Mega Pokemon Cards 1980s Transformers", "1230-08-04", "1409-08-09", "item_image54.jpg");
INSERT INTO Item VALUES (56, 7, "Game 10pk", "Baby Moon Game 1980s Righteous Truck 10pk Baseball Cards Baseball Cards Vinyls", "1161-03-08", "1490-07-04", "item_image55.jpg");
INSERT INTO Item VALUES (57, 1, "Anime Jupiter", "Unopened Cereal Saturn Video Games Beige EP Game Pokemon Cards LP 10pk", "1892-07-07", "1724-07-09", "item_image56.jpg");
INSERT INTO Item VALUES (58, 2, "Game 10pk", "Video Games Jupiter Monster Mega Baseball Vinyls Guitar 10pk Big Baby", "1017-06-07", "1801-05-08", "item_image57.jpg");
INSERT INTO Item VALUES (59, 3, "Barbie Jupiter", "Yamaha Pokemon Cards Game Beige Righteous Expansive Anime Monster Game Vinyls", "1968-04-02", "1998-07-09", "item_image58.jpg");
INSERT INTO Item VALUES (60, 4, "Unopened Baseball", "Collection Cereal Super Classic Baseball Cards Super Truck 1980s Righteous Classic", "1056-04-01", "1978-07-02", "item_image59.jpg");
INSERT INTO Item VALUES (61, 5, "Truck 10pk", "Trash Expansive Baby Mega EP Pokemon Cards Baseball Cards Vinyls Anime Righteous", "1289-06-04", "1748-09-07", "item_image60.jpg");
INSERT INTO Item VALUES (62, 6, "Game Akai", "Guitar Saturn Guitar Beige LP Video Games Baseball Vinyls Sailor Expansive", "1833-06-09", "1058-09-04", "item_image61.jpg");
INSERT INTO Item VALUES (63, 7, "10pk Monster", "Guitar Baby Saturn Collection Barbie Monster Vinyls Vinyls Yamaha My", "1207-07-04", "1165-04-07", "item_image62.jpg");
INSERT INTO Item VALUES (64, 1, "Classic Super", "Mega Cool Cool Collection Collection Truck LP Cool Classic My", "1048-04-03", "1806-03-07", "item_image63.jpg");
INSERT INTO Item VALUES (65, 2, "Cereal Unopened", "1980s Righteous My Yamaha Anime 1980s 1980s Guitar Cereal Yamaha", "1593-02-05", "1960-03-03", "item_image64.jpg");
INSERT INTO Item VALUES (66, 3, "10pk Saturn", "Baseball Cards Saturn Vinyls Video Games Super Unopened Jupiter Baseball Baby 10pk", "1874-09-09", "1851-04-05", "item_image65.jpg");
INSERT INTO Item VALUES (67, 4, "Unopened 10pk", "Truck Cool Pokemon Cards Monster Pokemon Cards red My Super Classic Moon", "1959-07-05", "1180-05-05", "item_image66.jpg");
INSERT INTO Item VALUES (68, 5, "Super Saturn", "Game Classic Truck Game Yamaha Moon Barbie red Expansive The", "1694-07-01", "1993-04-01", "item_image67.jpg");
INSERT INTO Item VALUES (69, 6, "Super 1980s", "Beige My Moon Video Games Monster Guitar Barbie Sailor The Big", "1378-04-01", "1689-02-06", "item_image68.jpg");
INSERT INTO Item VALUES (70, 7, "Akai Unopened", "Cool Sailor Truck The Guitar My Video Games red Pokemon Cards Moon", "1114-06-08", "1653-04-04", "item_image69.jpg");

INSERT INTO CollectionReview VALUES (1, "EpicHenry my man", 5, "bad good truly wonderful awesome classic absolutely ; classic wonderful difficult");
INSERT INTO CollectionReview VALUES (2, "FriendlyHarry", 1, "a . classic sad epic way too very bad , , easy classic ; easy absolutely");
INSERT INTO CollectionReview VALUES (3, "EpicVignesh", 1, "wonderful way too truly classic wonderful classic absolutely awesome");
INSERT INTO CollectionReview VALUES (4, "CoolManindra", 2, ". classic , , awesome easy a absolutely sad epic absolutely absolutely way too absolutely");
INSERT INTO CollectionReview VALUES (5, "FriendlyHarry", 1, "way too bad ; classic sad absolutely hard absolutely classic good classic bad classic");
INSERT INTO CollectionReview VALUES (6, "EpicFred", 1, "lame the epic difficult difficult absolutely cool way too very a");
INSERT INTO CollectionReview VALUES (7, "EpicIsaac", 2, "absolutely ; good mostly epic wonderful : , a good . mostly");
INSERT INTO CollectionReview VALUES (1, "EpicIsaac", 4, ", difficult ; epic difficult way too wonderful classic , wonderful");
INSERT INTO CollectionReview VALUES (2, "EpicVignesh", 1, "; hard sad the bad classic bad classic good epic easy easy difficult");
INSERT INTO CollectionReview VALUES (3, "Barbra", 3, "hard sad the ; epic , easy truly bad");
INSERT INTO CollectionReview VALUES (4, "EpicHenry my man", 2, "awesome sad bad easy absolutely the epic . difficult cool a lame way too");
INSERT INTO CollectionReview VALUES (7, "Tha Tony The Kid", 4, "wonderful awesome way too cool very epic wonderful truly bad ; : hard easy absolutely sad");
INSERT INTO CollectionReview VALUES (1, "Tha James", 1, "truly very , very lame absolutely truly truly lame good good classic");
INSERT INTO CollectionReview VALUES (2, "FriendlyJohn", 2, ": lame awesome awesome epic , good cool bad sad hard classic lame truly hard");
INSERT INTO CollectionReview VALUES (3, "Tha Jerry", 5, "epic bad , wonderful cool way too truly bad . absolutely very difficult :");
INSERT INTO CollectionReview VALUES (4, "Barbra", 3, "awesome : sad very : truly : classic absolutely .");
INSERT INTO CollectionReview VALUES (5, "FriendlyJohn", 2, "wonderful sad wonderful bad bad wonderful mostly absolutely , . the bad good difficult hard");
INSERT INTO CollectionReview VALUES (6, "EpicHenry my man", 5, "epic cool lame mostly mostly way too , bad . classic");
INSERT INTO CollectionReview VALUES (7, "Tha Josh", 3, "epic cool bad difficult absolutely hard mostly truly sad hard easy ; easy");

INSERT INTO ItemReview VALUES (14, "FriendlyHarry", 3, ". good easy a the the wonderful lame difficult hard hard awesome");
INSERT INTO ItemReview VALUES (39, "Tha Tony The Kid", 1, ", easy mostly good mostly classic easy bad hard");
INSERT INTO ItemReview VALUES (53, "Tha James", 4, "very lame . hard way too bad . epic bad good very hard cool .");
INSERT INTO ItemReview VALUES (2, "Tha James", 5, "; cool bad absolutely a , epic easy sad a easy , cool good bad");
INSERT INTO ItemReview VALUES (22, "EpicIsaac", 2, "cool : . ; sad a wonderful absolutely way too");
INSERT INTO ItemReview VALUES (37, "Tha Jason", 3, "; absolutely the hard classic absolutely sad bad bad");
INSERT INTO ItemReview VALUES (8, "EpicHenry my man", 3, "hard , mostly awesome bad difficult absolutely hard bad");
INSERT INTO ItemReview VALUES (26, "Barbra", 3, "bad awesome difficult a good a : good");
INSERT INTO ItemReview VALUES (2, "Tha Jerry", 5, "bad classic good epic good classic , awesome : way too");
INSERT INTO ItemReview VALUES (40, "EpicIsaac", 4, "absolutely hard wonderful : easy truly ; .");
INSERT INTO ItemReview VALUES (23, "Tha Tony The Kid", 4, "awesome truly ; cool sad difficult : truly way too lame way too epic : sad hard");
INSERT INTO ItemReview VALUES (14, "EpicIsaac", 5, "bad very mostly mostly easy mostly truly . good , lame epic");
INSERT INTO ItemReview VALUES (24, "Tha Jerry", 5, "truly difficult sad lame hard bad sad wonderful , . absolutely difficult . absolutely");
INSERT INTO ItemReview VALUES (12, "EpicFred", 1, "good sad epic bad cool way too sad :");
INSERT INTO ItemReview VALUES (26, "Tha Jason", 4, ", ; ; absolutely difficult a truly mostly a good awesome awesome cool");
INSERT INTO ItemReview VALUES (37, "CoolStradika The Kid", 1, "lame wonderful bad cool bad a truly awesome . sad mostly easy");
INSERT INTO ItemReview VALUES (69, "EpicFred", 3, ": classic way too bad lame the very awesome awesome epic the ; very the");
INSERT INTO ItemReview VALUES (70, "EpicCrony", 1, "a very the difficult difficult classic epic ; hard bad . difficult sad");
INSERT INTO ItemReview VALUES (42, "Tha Josh", 3, "absolutely : . good classic way too sad lame classic awesome a bad truly difficult");
INSERT INTO ItemReview VALUES (65, "Barbra", 2, "bad way too bad truly wonderful awesome wonderful very , sad hard : ;");
INSERT INTO ItemReview VALUES (50, "FriendlyJohn", 5, ". the ; lame a the bad very cool bad ,");
INSERT INTO ItemReview VALUES (6, "Tha James", 5, "way too hard classic ; easy wonderful wonderful bad , hard bad absolutely awesome ;");
INSERT INTO ItemReview VALUES (18, "Tha Tony The Kid", 3, "awesome bad sad wonderful good epic . , easy ;");
INSERT INTO ItemReview VALUES (23, "CoolStradika The Kid", 3, "wonderful bad bad mostly : a lame easy");
INSERT INTO ItemReview VALUES (49, "FriendlyJohn", 3, "absolutely mostly : easy hard , absolutely good , wonderful hard very");
INSERT INTO ItemReview VALUES (35, "Tha Josh", 2, "absolutely hard bad absolutely : difficult : :");
INSERT INTO ItemReview VALUES (24, "FriendlyHarry", 4, "absolutely epic way too truly : bad sad wonderful lame truly cool bad easy");
INSERT INTO ItemReview VALUES (22, "EpicFred", 5, "lame awesome awesome hard truly easy a easy sad difficult cool ; bad classic truly");
INSERT INTO ItemReview VALUES (2, "EpicFred", 5, "way too the difficult easy cool sad the way too , awesome , hard");
INSERT INTO ItemReview VALUES (43, "Tha Jerry", 3, "absolutely very a , : : good cool sad lame mostly classic truly difficult");
INSERT INTO ItemReview VALUES (1, "Tha Jason", 2, "lame wonderful truly bad easy mostly cool absolutely very hard sad lame classic truly bad");
INSERT INTO ItemReview VALUES (36, "EpicHog my man", 4, "mostly : a mostly cool easy classic a , difficult");
INSERT INTO ItemReview VALUES (52, "EpicFred", 5, "good wonderful lame easy good very , : difficult good mostly hard");
INSERT INTO ItemReview VALUES (20, "CoolManindra", 4, "difficult bad difficult hard difficult truly : the bad epic lame ; truly bad");
INSERT INTO ItemReview VALUES (37, "FriendlyHarry", 2, ". cool mostly bad easy good , , cool classic truly");
INSERT INTO ItemReview VALUES (23, "EpicHenry my man", 4, "mostly difficult a ; good a hard bad mostly truly ; : a");
INSERT INTO ItemReview VALUES (13, "FriendlyJohn", 4, ". absolutely cool : easy sad lame difficult");
INSERT INTO ItemReview VALUES (3, "EpicCrony", 5, "a very mostly absolutely sad a wonderful way too hard");
INSERT INTO ItemReview VALUES (15, "EpicHenry my man", 1, "lame easy bad : sad easy mostly cool very the epic bad");
INSERT INTO ItemReview VALUES (19, "EpicCrony", 3, ". ; bad awesome the wonderful cool hard absolutely :");
INSERT INTO ItemReview VALUES (66, "Tha Jerry", 5, "lame way too hard hard a epic very awesome truly");
INSERT INTO ItemReview VALUES (39, "Barbra", 1, "good way too bad epic way too wonderful , epic the way too . hard way too way too easy");
INSERT INTO ItemReview VALUES (52, "CoolManindra", 2, "lame . , lame mostly very classic cool way too cool truly");
INSERT INTO ItemReview VALUES (58, "FriendlyJohn", 1, "the bad truly easy mostly ; , . bad way too way too");
INSERT INTO ItemReview VALUES (4, "CoolStradika The Kid", 2, "bad easy easy mostly absolutely bad bad bad the truly : good cool");
INSERT INTO ItemReview VALUES (25, "Tha Josh", 3, "truly bad . ; awesome cool easy lame sad good epic bad good");
INSERT INTO ItemReview VALUES (32, "EpicCrony", 1, "bad wonderful the classic classic bad wonderful ; ; way too truly way too very");
INSERT INTO ItemReview VALUES (21, "Tha Tony The Kid", 3, "lame wonderful classic : mostly ; way too classic truly wonderful");
INSERT INTO ItemReview VALUES (29, "EpicHenry my man", 3, "mostly difficult good mostly good , very ; classic absolutely easy");
INSERT INTO ItemReview VALUES (39, "FriendlyHarry", 5, "lame ; sad way too mostly bad truly wonderful wonderful good mostly epic");
INSERT INTO ItemReview VALUES (44, "CoolManindra", 5, "; sad , truly awesome hard lame :");
INSERT INTO ItemReview VALUES (69, "CoolManindra", 2, "mostly a , bad bad epic cool epic absolutely");
INSERT INTO ItemReview VALUES (39, "Tha Jerry", 2, "wonderful cool , very easy classic . :");
INSERT INTO ItemReview VALUES (61, "Tha Tony The Kid", 5, "difficult mostly mostly epic good , the absolutely : bad");
INSERT INTO ItemReview VALUES (57, "EpicHenry my man", 4, "bad bad difficult good ; absolutely cool lame . classic wonderful");
INSERT INTO ItemReview VALUES (38, "Barbra", 2, ", lame bad way too ; lame , truly difficult bad good difficult awesome");
INSERT INTO ItemReview VALUES (24, "CoolManindra", 5, ". way too a bad way too bad truly awesome awesome .");
INSERT INTO ItemReview VALUES (12, "EpicVignesh", 5, "sad way too hard classic a epic good easy : a difficult : :");
INSERT INTO ItemReview VALUES (47, "Tha Tony The Kid", 1, "very ; bad sad absolutely bad . wonderful");
INSERT INTO ItemReview VALUES (30, "Tha Jason", 1, ": epic : way too hard a way too , sad bad way too hard good awesome cool");
INSERT INTO ItemReview VALUES (29, "Tha Josh", 4, ". epic mostly hard awesome awesome : , easy absolutely mostly");
INSERT INTO ItemReview VALUES (40, "Tha Jason", 1, "cool absolutely bad bad a cool difficult bad easy awesome");
INSERT INTO ItemReview VALUES (64, "Tha Jerry", 1, "difficult hard lame epic good wonderful truly bad very good bad a bad a");
INSERT INTO ItemReview VALUES (59, "Barbra", 2, "classic absolutely cool hard epic a epic , . mostly");
INSERT INTO ItemReview VALUES (36, "Tha Jerry", 2, "truly ; cool , mostly easy sad wonderful good : the");
INSERT INTO ItemReview VALUES (26, "Tha James", 2, ", ; wonderful easy classic a the hard");
INSERT INTO ItemReview VALUES (12, "EpicHenry my man", 4, "easy way too classic wonderful truly epic cool classic bad , a the sad truly truly");
INSERT INTO ItemReview VALUES (64, "EpicHog my man", 3, "classic ; wonderful ; truly way too awesome bad absolutely very bad easy");
INSERT INTO ItemReview VALUES (69, "EpicVignesh", 5, "a difficult sad , bad difficult the very wonderful , cool wonderful . , very");
INSERT INTO ItemReview VALUES (46, "FriendlyJohn", 4, "mostly sad awesome . mostly wonderful ; ,");
INSERT INTO ItemReview VALUES (67, "FriendlyHarry", 2, "lame classic cool classic awesome awesome good awesome mostly awesome wonderful");
INSERT INTO ItemReview VALUES (50, "CoolStradika The Kid", 2, "a classic lame , bad , truly bad the lame the lame absolutely difficult mostly");
INSERT INTO ItemReview VALUES (69, "FriendlyJohn", 4, "awesome good hard , truly truly epic difficult awesome mostly");
INSERT INTO ItemReview VALUES (57, "Tha Tony The Kid", 4, "truly difficult ; truly easy . very : way too the bad very");
INSERT INTO ItemReview VALUES (49, "EpicHenry my man", 4, "bad awesome bad bad ; epic ; easy");
INSERT INTO ItemReview VALUES (5, "EpicVignesh", 5, "very epic . sad : very : difficult");
INSERT INTO ItemReview VALUES (28, "EpicFred", 1, "mostly bad way too cool awesome awesome absolutely way too epic truly truly sad cool cool");
INSERT INTO ItemReview VALUES (47, "FriendlyHarry", 1, "absolutely absolutely hard lame : cool a : a way too difficult hard");
INSERT INTO ItemReview VALUES (14, "EpicHog my man", 3, "lame awesome a way too good hard truly lame the the , difficult easy way too");
INSERT INTO ItemReview VALUES (30, "EpicIsaac", 4, "truly difficult difficult mostly good a : very the wonderful sad absolutely difficult classic epic");
INSERT INTO ItemReview VALUES (18, "EpicIsaac", 1, "mostly good the , good lame : truly difficult easy difficult very bad hard");
INSERT INTO ItemReview VALUES (21, "EpicCrony", 1, "classic cool the ; classic bad . bad . classic truly hard awesome cool");
INSERT INTO ItemReview VALUES (32, "EpicVignesh", 5, ", easy cool a sad bad easy lame : .");
INSERT INTO ItemReview VALUES (41, "CoolStradika The Kid", 4, ". very awesome absolutely : way too mostly the truly difficult bad");
INSERT INTO ItemReview VALUES (56, "Tha James", 5, "a truly wonderful the classic . way too epic");
INSERT INTO ItemReview VALUES (47, "EpicVignesh", 2, "absolutely . difficult cool , , truly a wonderful the");
INSERT INTO ItemReview VALUES (35, "EpicCrony", 2, ". : , the classic difficult epic absolutely very bad , wonderful");
INSERT INTO ItemReview VALUES (34, "EpicCrony", 1, "mostly a cool wonderful classic truly mostly epic mostly . , sad .");
INSERT INTO ItemReview VALUES (16, "Tha Tony The Kid", 3, ", ; ; very mostly difficult good cool bad good epic ,");
INSERT INTO ItemReview VALUES (21, "FriendlyJohn", 3, "sad truly very . good . wonderful sad : , truly : awesome classic");
INSERT INTO ItemReview VALUES (42, "EpicHog my man", 4, "mostly absolutely sad very bad good way too bad : classic ; ,");
INSERT INTO ItemReview VALUES (13, "CoolManindra", 3, "wonderful ; bad epic wonderful very easy epic");
INSERT INTO ItemReview VALUES (36, "Tha James", 2, "; the mostly ; absolutely cool bad the");
INSERT INTO ItemReview VALUES (26, "CoolStradika The Kid", 5, "absolutely easy . epic truly mostly hard lame ; mostly very ; classic difficult very");
INSERT INTO ItemReview VALUES (46, "EpicVignesh", 4, "way too cool very : awesome classic wonderful absolutely classic");
INSERT INTO ItemReview VALUES (67, "Tha Jerry", 2, "difficult mostly mostly very easy mostly a , . easy epic good classic mostly the");
INSERT INTO ItemReview VALUES (32, "EpicFred", 3, "truly the awesome truly truly epic hard , bad wonderful");
INSERT INTO ItemReview VALUES (54, "EpicIsaac", 1, "a ; a mostly classic awesome difficult very hard , . absolutely ,");
INSERT INTO ItemReview VALUES (37, "EpicHog my man", 4, "awesome good awesome bad truly way too lame cool truly epic easy wonderful a ,");
INSERT INTO ItemReview VALUES (45, "Tha Tony The Kid", 3, "hard mostly absolutely mostly . : sad . : very truly wonderful");
INSERT INTO ItemReview VALUES (47, "EpicHog my man", 3, "wonderful truly bad lame awesome : truly classic sad bad . the a");
INSERT INTO ItemReview VALUES (42, "CoolManindra", 3, "awesome mostly easy , very mostly very : lame a epic very very way too way too");
INSERT INTO ItemReview VALUES (35, "Tha James", 4, "cool difficult mostly lame the hard , absolutely ,");
INSERT INTO ItemReview VALUES (36, "EpicVignesh", 5, "; ; hard epic hard awesome awesome a classic");
INSERT INTO ItemReview VALUES (21, "EpicVignesh", 3, "way too wonderful . bad mostly classic wonderful cool");
INSERT INTO ItemReview VALUES (61, "Tha Josh", 1, "wonderful sad bad sad : sad bad bad cool epic classic");
INSERT INTO ItemReview VALUES (70, "Tha Tony The Kid", 1, "lame , , bad difficult hard easy classic difficult classic ; classic epic difficult mostly");
INSERT INTO ItemReview VALUES (24, "EpicIsaac", 4, "awesome awesome easy wonderful absolutely lame ; epic . good the");
INSERT INTO ItemReview VALUES (7, "Tha Tony The Kid", 5, "the easy . . . ; bad way too a : ;");
INSERT INTO ItemReview VALUES (8, "EpicFred", 2, "very absolutely : cool epic good . bad the");
INSERT INTO ItemReview VALUES (22, "FriendlyHarry", 2, "truly lame wonderful mostly absolutely bad absolutely ; sad difficult");
INSERT INTO ItemReview VALUES (41, "EpicVignesh", 4, "truly truly truly easy bad good very cool good");
INSERT INTO ItemReview VALUES (38, "Tha Jason", 1, "awesome awesome truly awesome very good wonderful wonderful ; absolutely");
INSERT INTO ItemReview VALUES (41, "EpicHog my man", 1, "truly truly epic lame the absolutely easy . hard . absolutely");
INSERT INTO ItemReview VALUES (29, "Tha Jason", 5, "easy sad : good . bad easy cool");
INSERT INTO ItemReview VALUES (62, "Tha Jerry", 1, "lame difficult easy very way too mostly hard way too");
INSERT INTO ItemReview VALUES (58, "Tha Tony The Kid", 2, "bad bad , way too truly difficult sad a sad wonderful lame epic bad bad epic");
INSERT INTO ItemReview VALUES (1, "Tha Jerry", 4, "lame truly truly mostly bad lame truly classic classic bad bad bad awesome");
INSERT INTO ItemReview VALUES (45, "Tha Jason", 5, "awesome bad a classic mostly a easy bad the : mostly , good");
INSERT INTO ItemReview VALUES (53, "EpicIsaac", 5, "bad absolutely : the good , lame ; epic cool absolutely bad");
INSERT INTO ItemReview VALUES (38, "EpicIsaac", 1, "hard difficult : the . a easy difficult difficult ; bad easy very");
INSERT INTO ItemReview VALUES (70, "EpicHog my man", 1, ", classic lame . bad : easy hard absolutely");
INSERT INTO ItemReview VALUES (53, "Tha Jerry", 1, "difficult sad good difficult good the truly classic easy");
INSERT INTO ItemReview VALUES (62, "CoolStradika The Kid", 3, ": lame lame good a bad mostly wonderful a .");
INSERT INTO ItemReview VALUES (13, "Tha James", 1, "classic good lame awesome difficult awesome classic cool : wonderful hard lame");
INSERT INTO ItemReview VALUES (24, "EpicHog my man", 2, "awesome lame : classic hard epic very sad");
INSERT INTO ItemReview VALUES (12, "Tha Tony The Kid", 1, "very . absolutely bad very good epic sad , the epic a lame absolutely :");
INSERT INTO ItemReview VALUES (18, "EpicCrony", 4, "truly awesome epic wonderful lame absolutely mostly very epic bad ; very .");
INSERT INTO ItemReview VALUES (26, "Tha Tony The Kid", 1, "a awesome . classic way too difficult , a difficult epic");
INSERT INTO ItemReview VALUES (54, "Tha Tony The Kid", 5, "sad cool epic difficult way too : , a a : way too lame .");
INSERT INTO ItemReview VALUES (48, "Tha James", 5, "bad difficult wonderful absolutely : ; mostly mostly mostly sad bad absolutely");
INSERT INTO ItemReview VALUES (70, "EpicFred", 5, "a a bad wonderful bad ; very ,");
INSERT INTO ItemReview VALUES (3, "CoolManindra", 5, ", . absolutely difficult . truly hard bad difficult wonderful lame : hard cool wonderful");
INSERT INTO ItemReview VALUES (65, "EpicHenry my man", 4, "the the hard . epic the awesome bad ;");
INSERT INTO ItemReview VALUES (7, "EpicHog my man", 4, "the classic classic ; classic lame good sad hard . awesome absolutely lame");
INSERT INTO ItemReview VALUES (42, "Tha James", 5, "; , . difficult ; mostly classic wonderful lame absolutely");
INSERT INTO ItemReview VALUES (64, "Tha Jason", 3, "very . way too hard sad epic hard difficult , cool : good");
INSERT INTO ItemReview VALUES (6, "EpicHenry my man", 5, "mostly sad ; bad sad lame very awesome");
INSERT INTO ItemReview VALUES (68, "Tha Josh", 4, "way too ; : wonderful mostly ; epic difficult");
INSERT INTO ItemReview VALUES (69, "Tha Tony The Kid", 2, "hard bad classic . epic , ; a way too ; easy");
INSERT INTO ItemReview VALUES (59, "EpicVignesh", 5, "very a sad way too : difficult hard bad mostly cool : way too sad classic classic");
INSERT INTO ItemReview VALUES (23, "Tha Jason", 3, "easy sad a good the . . lame");
INSERT INTO ItemReview VALUES (4, "Tha James", 3, "bad classic awesome the truly ; lame good difficult awesome way too :");
INSERT INTO ItemReview VALUES (34, "EpicFred", 1, "a classic , . , a easy mostly awesome");
INSERT INTO ItemReview VALUES (53, "Barbra", 1, "bad absolutely the cool absolutely hard way too lame epic mostly . bad bad wonderful");
INSERT INTO ItemReview VALUES (9, "EpicHog my man", 1, "mostly bad bad hard a truly : classic truly absolutely way too awesome lame sad hard");
INSERT INTO ItemReview VALUES (58, "Tha Josh", 4, "lame easy difficult way too bad the . truly hard hard bad the truly");
INSERT INTO ItemReview VALUES (52, "Tha Jerry", 4, "wonderful mostly absolutely lame mostly mostly classic bad . mostly absolutely");
INSERT INTO ItemReview VALUES (6, "CoolStradika The Kid", 1, "; : way too . a very ; hard truly bad");
INSERT INTO ItemReview VALUES (41, "Tha James", 2, ", , hard bad ; mostly the easy the truly");
INSERT INTO ItemReview VALUES (25, "EpicFred", 5, "cool hard wonderful way too ; sad absolutely ; easy lame lame classic . very good");
INSERT INTO ItemReview VALUES (8, "Tha Tony The Kid", 5, "mostly lame absolutely sad absolutely absolutely , wonderful a easy");
INSERT INTO ItemReview VALUES (36, "FriendlyHarry", 3, "wonderful bad difficult : absolutely a bad difficult lame");
INSERT INTO ItemReview VALUES (37, "EpicFred", 2, ", a : classic wonderful awesome mostly hard way too bad epic truly truly absolutely");
INSERT INTO ItemReview VALUES (45, "EpicHog my man", 1, "good ; wonderful bad mostly very awesome mostly : classic truly wonderful hard difficult");
INSERT INTO ItemReview VALUES (70, "FriendlyJohn", 3, "difficult very absolutely epic bad good absolutely way too absolutely : bad");
INSERT INTO ItemReview VALUES (55, "Tha Josh", 1, "classic absolutely bad bad good epic bad truly awesome . .");
INSERT INTO ItemReview VALUES (18, "Barbra", 3, "wonderful awesome way too way too way too good epic : way too");
INSERT INTO ItemReview VALUES (33, "EpicCrony", 1, "lame epic hard cool . ; wonderful epic truly");
INSERT INTO ItemReview VALUES (61, "Barbra", 2, "bad good cool bad lame hard , ; sad");
INSERT INTO ItemReview VALUES (68, "EpicHog my man", 3, "bad , , mostly , hard bad mostly classic");
INSERT INTO ItemReview VALUES (43, "EpicCrony", 2, "epic classic very cool very very very the . sad classic wonderful .");
INSERT INTO ItemReview VALUES (55, "EpicCrony", 5, "sad bad easy way too wonderful difficult bad difficult . bad the easy ; ,");
INSERT INTO ItemReview VALUES (42, "EpicVignesh", 4, ", epic a . . ; cool mostly");
INSERT INTO ItemReview VALUES (32, "Tha James", 4, "awesome : mostly mostly awesome truly mostly . awesome bad : way too");
INSERT INTO ItemReview VALUES (64, "EpicHenry my man", 2, "good the sad mostly , cool a way too truly a a .");
INSERT INTO ItemReview VALUES (45, "EpicFred", 4, "way too lame wonderful awesome cool the : hard ;");
INSERT INTO ItemReview VALUES (41, "Barbra", 5, "cool mostly lame easy classic very absolutely lame very the good ,");
INSERT INTO ItemReview VALUES (51, "Tha Tony The Kid", 1, "wonderful mostly epic bad awesome hard very the , sad awesome");
INSERT INTO ItemReview VALUES (11, "EpicCrony", 5, "truly hard very cool truly mostly , the good hard cool good hard bad .");
INSERT INTO ItemReview VALUES (60, "Tha Jerry", 3, "difficult very lame a awesome a lame mostly awesome truly");
INSERT INTO ItemReview VALUES (44, "Tha Jerry", 3, "cool way too : wonderful easy hard sad hard wonderful truly epic classic");
INSERT INTO ItemReview VALUES (19, "Tha Jerry", 4, ": sad awesome sad wonderful very sad awesome mostly very , good");
INSERT INTO ItemReview VALUES (60, "Barbra", 5, ", very epic wonderful ; ; epic ; bad awesome sad");
INSERT INTO ItemReview VALUES (15, "Tha Josh", 4, "epic bad ; bad a a bad truly way too difficult");
INSERT INTO ItemReview VALUES (63, "Tha James", 5, "awesome the , . very the lame bad");
INSERT INTO ItemReview VALUES (28, "CoolManindra", 5, "hard very bad wonderful epic truly sad bad");
INSERT INTO ItemReview VALUES (41, "EpicCrony", 4, "cool truly epic easy , lame mostly a the easy way too bad way too");
INSERT INTO ItemReview VALUES (10, "CoolStradika The Kid", 5, "a . ; bad epic sad ; , : : ;");
INSERT INTO ItemReview VALUES (35, "EpicHog my man", 3, "the : the good mostly the ; classic truly hard the wonderful bad");
INSERT INTO ItemReview VALUES (68, "FriendlyHarry", 5, "absolutely lame lame very cool hard classic very");
INSERT INTO ItemReview VALUES (68, "Tha Jerry", 3, "bad lame ; epic good wonderful wonderful bad .");
INSERT INTO ItemReview VALUES (23, "EpicHog my man", 4, "mostly easy , bad sad easy absolutely way too ; difficult classic");
INSERT INTO ItemReview VALUES (44, "FriendlyJohn", 2, "hard absolutely difficult epic : difficult bad wonderful wonderful hard the epic very ;");
INSERT INTO ItemReview VALUES (22, "Tha Jerry", 4, "epic : epic absolutely sad truly absolutely lame : epic mostly epic wonderful cool");
INSERT INTO ItemReview VALUES (66, "CoolManindra", 5, "truly bad epic cool epic ; mostly classic . bad");
INSERT INTO ItemReview VALUES (23, "Tha Jerry", 4, "cool epic mostly the hard classic mostly truly cool easy , very wonderful .");
INSERT INTO ItemReview VALUES (45, "Tha Josh", 5, "lame cool , sad very wonderful ; difficult : , truly bad");
INSERT INTO ItemReview VALUES (6, "Tha Josh", 2, "mostly epic very the ; , lame : . , lame bad : a");
INSERT INTO ItemReview VALUES (37, "Tha James", 4, "sad sad a easy truly wonderful the way too ; , sad bad");
INSERT INTO ItemReview VALUES (11, "EpicFred", 3, "absolutely . truly classic bad ; mostly cool sad the wonderful very the : ;");
INSERT INTO ItemReview VALUES (3, "EpicVignesh", 5, "hard : hard . wonderful ; difficult ; difficult");
INSERT INTO ItemReview VALUES (64, "CoolManindra", 3, "a the very a truly , classic . way too bad way too");
INSERT INTO ItemReview VALUES (61, "Tha James", 3, ": easy hard lame : bad bad very way too the truly lame");
INSERT INTO ItemReview VALUES (17, "EpicIsaac", 4, "easy wonderful absolutely wonderful bad truly the absolutely wonderful , bad classic truly");
INSERT INTO ItemReview VALUES (48, "Barbra", 4, ": truly epic ; bad a cool epic cool way too :");
INSERT INTO ItemReview VALUES (40, "Tha Jerry", 1, "easy classic classic easy easy wonderful the bad very .");
INSERT INTO ItemReview VALUES (24, "Tha James", 4, "a , wonderful truly lame cool easy , truly : difficult hard the absolutely");
INSERT INTO ItemReview VALUES (53, "EpicHog my man", 1, ": classic good bad very . lame difficult . good");
INSERT INTO ItemReview VALUES (20, "Tha Jason", 3, "sad absolutely mostly , absolutely . a easy : wonderful classic bad :");
INSERT INTO ItemReview VALUES (36, "EpicIsaac", 4, "bad very good hard sad difficult sad difficult classic wonderful");
INSERT INTO ItemReview VALUES (54, "CoolManindra", 5, "classic ; sad difficult bad mostly very absolutely hard bad");
INSERT INTO ItemReview VALUES (19, "Tha Jason", 4, "difficult epic way too difficult bad ; sad hard : wonderful epic difficult ,");
INSERT INTO ItemReview VALUES (67, "Tha Tony The Kid", 1, "hard cool truly lame bad wonderful ; truly");
INSERT INTO ItemReview VALUES (29, "Barbra", 5, "cool good bad difficult ; way too difficult lame , easy .");
INSERT INTO ItemReview VALUES (30, "Tha Tony The Kid", 3, "cool good cool way too truly , lame cool classic absolutely");
INSERT INTO ItemReview VALUES (26, "EpicVignesh", 1, "; difficult sad way too wonderful . the very good hard");
INSERT INTO ItemReview VALUES (58, "Tha Jerry", 3, "truly very sad a classic classic way too mostly");
INSERT INTO ItemReview VALUES (57, "FriendlyHarry", 5, "mostly . bad ; bad good cool truly easy hard epic way too");
INSERT INTO ItemReview VALUES (38, "Tha Jerry", 1, "a lame wonderful classic hard good . wonderful mostly");
INSERT INTO ItemReview VALUES (59, "CoolStradika The Kid", 5, ", absolutely , bad : classic lame , ; a bad bad good good");
INSERT INTO ItemReview VALUES (43, "Tha Josh", 2, ": hard , bad lame . absolutely truly very epic bad the");
INSERT INTO ItemReview VALUES (22, "FriendlyJohn", 3, "way too , mostly sad the easy a , the easy");
INSERT INTO ItemReview VALUES (16, "EpicIsaac", 5, "the wonderful . easy way too very difficult hard lame good awesome cool");
INSERT INTO ItemReview VALUES (63, "EpicHog my man", 4, "hard mostly bad ; : sad sad sad mostly classic hard easy");
INSERT INTO ItemReview VALUES (30, "FriendlyJohn", 2, "wonderful bad difficult good mostly mostly hard good");
INSERT INTO ItemReview VALUES (31, "Tha James", 3, "bad , epic a . awesome . absolutely wonderful");
INSERT INTO ItemReview VALUES (34, "Tha Jerry", 4, "sad mostly a awesome sad classic lame cool : ; mostly , hard");
INSERT INTO ItemReview VALUES (18, "FriendlyJohn", 5, "hard absolutely ; mostly hard bad cool a sad way too truly cool bad");
INSERT INTO ItemReview VALUES (63, "CoolManindra", 2, "hard the the way too bad cool awesome awesome mostly cool , very");
INSERT INTO ItemReview VALUES (66, "Barbra", 2, "truly lame wonderful lame absolutely way too bad truly cool sad");
INSERT INTO ItemReview VALUES (44, "Barbra", 1, "hard lame , the : epic easy absolutely mostly truly awesome a .");
INSERT INTO ItemReview VALUES (6, "EpicHog my man", 3, "cool epic ; cool good classic wonderful way too good difficult awesome classic absolutely the");
INSERT INTO ItemReview VALUES (4, "EpicIsaac", 2, "difficult way too cool easy lame bad a the ; ; cool , sad");
INSERT INTO ItemReview VALUES (10, "Tha Tony The Kid", 5, "lame wonderful , good bad wonderful bad , wonderful good , absolutely truly very mostly");
INSERT INTO ItemReview VALUES (20, "CoolStradika The Kid", 4, "a cool very ; hard sad . difficult");
INSERT INTO ItemReview VALUES (51, "FriendlyHarry", 2, "mostly lame way too lame absolutely absolutely mostly : good");
INSERT INTO ItemReview VALUES (22, "Barbra", 1, "easy , , hard ; ; . lame");
INSERT INTO ItemReview VALUES (10, "EpicHenry my man", 4, "truly sad hard classic : cool ; wonderful ; absolutely bad bad");
INSERT INTO ItemReview VALUES (17, "Tha Tony The Kid", 3, "hard bad : mostly , truly cool ; mostly");
INSERT INTO ItemReview VALUES (19, "FriendlyHarry", 4, "very bad absolutely way too epic hard classic bad");
INSERT INTO ItemReview VALUES (27, "EpicCrony", 2, ": bad wonderful cool good ; a very good truly epic epic epic wonderful");
INSERT INTO ItemReview VALUES (21, "Tha James", 5, "very the way too bad hard absolutely awesome , hard sad lame bad");
INSERT INTO ItemReview VALUES (31, "CoolStradika The Kid", 2, "the epic : cool a good . wonderful . , awesome");
INSERT INTO ItemReview VALUES (22, "EpicCrony", 1, "epic difficult epic lame mostly very ; lame : , very the way too difficult");
INSERT INTO ItemReview VALUES (44, "EpicFred", 5, "absolutely very classic , hard hard good absolutely epic good very good");
INSERT INTO ItemReview VALUES (23, "FriendlyJohn", 4, "easy way too difficult mostly bad good difficult easy cool classic sad ,");
INSERT INTO ItemReview VALUES (4, "Tha Tony The Kid", 3, "sad difficult classic mostly difficult wonderful mostly : the good the wonderful");
INSERT INTO ItemReview VALUES (21, "Barbra", 1, "; . classic bad absolutely bad epic : absolutely lame epic difficult ; way too");
INSERT INTO ItemReview VALUES (4, "EpicHenry my man", 2, "good a good good good absolutely ; awesome good ; lame , hard the sad");
INSERT INTO ItemReview VALUES (55, "EpicHog my man", 4, "sad mostly very cool . bad cool awesome easy");
INSERT INTO ItemReview VALUES (32, "EpicIsaac", 2, "absolutely hard very bad bad ; easy hard");
INSERT INTO ItemReview VALUES (40, "CoolManindra", 4, "bad cool very ; good a bad absolutely truly good");
INSERT INTO ItemReview VALUES (4, "Tha Jason", 2, "bad bad truly . the hard way too the a lame epic");
INSERT INTO ItemReview VALUES (48, "CoolManindra", 3, "truly wonderful the truly absolutely cool ; epic : awesome bad bad");
INSERT INTO ItemReview VALUES (7, "CoolStradika The Kid", 5, "good : hard classic epic cool mostly .");
INSERT INTO ItemReview VALUES (39, "Tha Josh", 4, "classic sad wonderful sad . cool way too very , awesome difficult");
INSERT INTO ItemReview VALUES (65, "FriendlyJohn", 3, "awesome classic good cool good way too difficult the bad way too truly difficult");
INSERT INTO ItemReview VALUES (56, "EpicVignesh", 2, "mostly sad ; mostly bad bad easy classic good a bad");
INSERT INTO ItemReview VALUES (5, "CoolStradika The Kid", 3, "bad lame way too the truly . hard lame epic cool cool good hard");
INSERT INTO ItemReview VALUES (11, "EpicVignesh", 3, "classic , classic cool , ; classic epic hard difficult bad awesome very lame ;");
INSERT INTO ItemReview VALUES (10, "Tha Josh", 3, "bad the a sad , wonderful the mostly the");
INSERT INTO ItemReview VALUES (43, "Tha Jason", 3, "; classic , bad the way too the , the");
INSERT INTO ItemReview VALUES (17, "Barbra", 1, ": easy epic very cool bad way too absolutely mostly lame");
INSERT INTO ItemReview VALUES (9, "Tha Tony The Kid", 1, ", mostly sad a bad , , ; , difficult . epic bad very easy");
INSERT INTO ItemReview VALUES (69, "Tha Jerry", 4, "classic absolutely very : awesome : hard bad : hard truly difficult , a mostly");
INSERT INTO ItemReview VALUES (29, "EpicHog my man", 5, "difficult lame awesome lame classic absolutely epic bad : hard a");
INSERT INTO ItemReview VALUES (31, "CoolManindra", 4, "bad truly mostly way too epic bad way too . hard bad cool bad :");
INSERT INTO ItemReview VALUES (33, "Tha Jerry", 5, "lame very hard ; easy the the very");
INSERT INTO ItemReview VALUES (43, "EpicIsaac", 4, "sad classic sad awesome sad epic bad epic absolutely");
INSERT INTO ItemReview VALUES (61, "CoolStradika The Kid", 3, "good lame truly easy awesome epic lame sad , good");
INSERT INTO ItemReview VALUES (50, "Barbra", 3, "epic way too ; the epic cool easy bad good good epic ; awesome");
INSERT INTO ItemReview VALUES (17, "Tha Jerry", 1, "absolutely difficult a truly awesome the . awesome awesome , mostly");
INSERT INTO ItemReview VALUES (70, "Tha Jason", 3, ": . classic good . absolutely bad bad mostly sad");
INSERT INTO ItemReview VALUES (50, "Tha Tony The Kid", 3, "mostly wonderful sad difficult wonderful absolutely ; the : .");
INSERT INTO ItemReview VALUES (70, "EpicHenry my man", 4, "awesome absolutely lame . good lame hard lame awesome the classic sad");
INSERT INTO ItemReview VALUES (12, "EpicCrony", 4, "absolutely bad a awesome very good good awesome lame bad way too cool difficult difficult bad");
INSERT INTO ItemReview VALUES (14, "EpicFred", 1, "classic difficult . a mostly mostly . bad mostly easy");
INSERT INTO ItemReview VALUES (9, "Tha James", 1, ", very , classic epic epic , epic :");
INSERT INTO ItemReview VALUES (56, "EpicCrony", 4, "bad the very way too absolutely ; : sad classic difficult lame awesome sad wonderful");
INSERT INTO ItemReview VALUES (62, "Barbra", 3, "cool the cool classic difficult ; sad sad truly");
INSERT INTO ItemReview VALUES (47, "EpicFred", 3, "wonderful . awesome very wonderful classic absolutely the");
INSERT INTO ItemReview VALUES (65, "CoolStradika The Kid", 3, "lame a lame good , bad bad cool way too cool :");
INSERT INTO ItemReview VALUES (20, "Tha James", 2, "epic way too ; easy the the awesome cool sad");
INSERT INTO ItemReview VALUES (31, "Tha Jerry", 1, "a easy cool . easy classic hard bad");
INSERT INTO ItemReview VALUES (64, "Tha James", 4, "a mostly mostly lame epic lame mostly a good good epic awesome wonderful . way too");
INSERT INTO ItemReview VALUES (14, "CoolStradika The Kid", 4, "wonderful wonderful sad the epic awesome , , the bad");
INSERT INTO ItemReview VALUES (55, "CoolManindra", 2, "lame difficult epic bad , bad the way too difficult classic sad easy");
INSERT INTO ItemReview VALUES (46, "CoolStradika The Kid", 2, ". classic lame epic epic good lame bad epic way too good mostly bad truly absolutely");
INSERT INTO ItemReview VALUES (70, "FriendlyHarry", 3, "bad . very classic bad good way too wonderful mostly . sad bad wonderful");
INSERT INTO ItemReview VALUES (57, "Tha Jerry", 4, "absolutely awesome truly cool way too way too the ; . very epic the way too");
INSERT INTO ItemReview VALUES (61, "FriendlyHarry", 3, "very a good , lame epic the bad easy");
INSERT INTO ItemReview VALUES (15, "FriendlyJohn", 4, "wonderful awesome absolutely awesome way too absolutely awesome very good . , lame . lame a");
INSERT INTO ItemReview VALUES (16, "Barbra", 4, "hard very absolutely a , truly mostly mostly");
INSERT INTO ItemReview VALUES (2, "Barbra", 2, "mostly , bad very the epic classic . ; good mostly epic wonderful .");
INSERT INTO ItemReview VALUES (48, "FriendlyHarry", 5, "epic classic bad awesome : way too cool way too");
INSERT INTO ItemReview VALUES (35, "FriendlyJohn", 1, ": epic truly , easy truly bad lame classic good good lame");
INSERT INTO ItemReview VALUES (33, "Tha James", 4, "absolutely truly ; way too hard good good way too ; wonderful");
INSERT INTO ItemReview VALUES (13, "Tha Jason", 1, ". way too way too the epic way too , ; awesome difficult easy mostly");
INSERT INTO ItemReview VALUES (56, "Tha Josh", 3, "very classic a good lame absolutely absolutely lame difficult");
INSERT INTO ItemReview VALUES (61, "CoolManindra", 1, "very mostly good sad truly the : sad sad ; the cool awesome easy :");
INSERT INTO ItemReview VALUES (58, "CoolManindra", 1, "easy very easy a mostly absolutely ; difficult");
INSERT INTO ItemReview VALUES (50, "Tha James", 4, "the hard bad wonderful ; cool classic bad epic bad epic ; , lame bad");
INSERT INTO ItemReview VALUES (46, "Tha Josh", 1, "way too , the good awesome bad bad hard difficult a");
INSERT INTO ItemReview VALUES (18, "Tha Jason", 4, "difficult a difficult mostly : good good wonderful :");
INSERT INTO ItemReview VALUES (39, "EpicFred", 4, "epic : wonderful ; easy hard epic very mostly sad ; good ; hard");
INSERT INTO ItemReview VALUES (41, "Tha Jason", 5, "good a difficult the truly very good sad good easy difficult");
INSERT INTO ItemReview VALUES (63, "Tha Tony The Kid", 3, "bad mostly truly awesome sad difficult hard : very a very bad");
INSERT INTO ItemReview VALUES (30, "EpicVignesh", 3, ": difficult . epic sad truly . difficult lame , hard ;");
INSERT INTO ItemReview VALUES (36, "EpicHenry my man", 2, "classic absolutely truly a classic hard way too .");
INSERT INTO ItemReview VALUES (43, "CoolStradika The Kid", 2, "epic good : : very wonderful cool awesome the hard very");
INSERT INTO ItemReview VALUES (22, "CoolStradika The Kid", 4, "mostly bad absolutely very wonderful way too way too ,");
INSERT INTO ItemReview VALUES (12, "Tha James", 4, "bad absolutely epic way too , way too : cool classic truly truly");
INSERT INTO ItemReview VALUES (1, "EpicHog my man", 5, "epic cool cool absolutely truly easy truly the");
INSERT INTO ItemReview VALUES (39, "EpicHenry my man", 4, "epic lame difficult bad easy . sad mostly : a a");
INSERT INTO ItemReview VALUES (12, "EpicIsaac", 2, "absolutely the easy classic easy classic . bad a difficult");
INSERT INTO ItemReview VALUES (53, "EpicHenry my man", 4, "difficult absolutely lame the the mostly absolutely classic truly the cool");
INSERT INTO ItemReview VALUES (13, "EpicHenry my man", 4, "good the very : : hard easy , ,");
INSERT INTO ItemReview VALUES (33, "EpicHenry my man", 4, "a cool hard lame hard mostly : ; : truly bad awesome awesome a");
INSERT INTO ItemReview VALUES (22, "CoolManindra", 2, "bad mostly awesome epic very mostly : epic mostly sad good difficult lame");
INSERT INTO ItemReview VALUES (19, "CoolStradika The Kid", 1, "absolutely good : mostly way too easy difficult classic sad the lame mostly mostly truly");
INSERT INTO ItemReview VALUES (28, "CoolStradika The Kid", 1, "very way too way too wonderful sad easy very absolutely easy bad the awesome cool ; the");
INSERT INTO ItemReview VALUES (27, "EpicHog my man", 1, "a cool hard good mostly epic truly the wonderful awesome bad");
INSERT INTO ItemReview VALUES (57, "Barbra", 2, ": awesome very bad epic , wonderful bad very : good");
INSERT INTO ItemReview VALUES (31, "Tha Jason", 2, "epic good wonderful bad epic : easy absolutely easy wonderful good way too :");
INSERT INTO ItemReview VALUES (4, "EpicCrony", 3, ", sad cool mostly bad very very epic :");
INSERT INTO ItemReview VALUES (9, "Tha Jerry", 3, "way too absolutely very epic wonderful hard difficult easy");
INSERT INTO ItemReview VALUES (49, "FriendlyHarry", 3, "hard bad difficult cool awesome truly ; bad absolutely sad : classic bad mostly epic");
INSERT INTO ItemReview VALUES (37, "EpicVignesh", 4, "the hard a way too good a the . ;");
INSERT INTO ItemReview VALUES (66, "EpicIsaac", 5, "truly sad easy difficult sad awesome difficult awesome cool wonderful lame difficult");
INSERT INTO ItemReview VALUES (39, "EpicHog my man", 5, "epic truly classic very way too cool classic mostly sad a bad");
INSERT INTO ItemReview VALUES (19, "EpicHog my man", 2, "way too bad good absolutely epic very ; classic easy");
INSERT INTO ItemReview VALUES (1, "EpicHenry my man", 2, "the difficult very the truly , mostly very wonderful good");
INSERT INTO ItemReview VALUES (51, "EpicHenry my man", 4, "wonderful very sad bad hard , difficult easy wonderful mostly truly");
INSERT INTO ItemReview VALUES (10, "FriendlyHarry", 1, "lame the hard cool truly absolutely cool cool epic difficult");
INSERT INTO ItemReview VALUES (3, "Barbra", 5, "easy bad good mostly wonderful wonderful sad wonderful absolutely absolutely mostly bad : absolutely cool");
INSERT INTO ItemReview VALUES (26, "Tha Josh", 3, ". absolutely the wonderful good the truly , mostly");
INSERT INTO ItemReview VALUES (26, "FriendlyJohn", 1, ", . absolutely awesome difficult epic good ; cool hard");
INSERT INTO ItemReview VALUES (44, "Tha Josh", 3, "sad lame the ; ; : wonderful cool . wonderful the cool wonderful : very");
INSERT INTO ItemReview VALUES (51, "EpicIsaac", 5, "a , sad classic hard difficult easy cool classic cool hard classic very");
INSERT INTO ItemReview VALUES (5, "Tha Tony The Kid", 3, "absolutely hard awesome wonderful absolutely very mostly awesome very ; lame lame .");
INSERT INTO ItemReview VALUES (31, "Barbra", 3, "truly ; way too epic classic bad epic epic sad bad mostly . bad ;");
INSERT INTO ItemReview VALUES (32, "CoolStradika The Kid", 2, "difficult easy epic difficult way too : , : good ; truly mostly classic");
INSERT INTO ItemReview VALUES (40, "FriendlyJohn", 2, "cool lame a ; sad a difficult way too bad a hard : awesome good");
INSERT INTO ItemReview VALUES (51, "CoolStradika The Kid", 1, "bad way too very : ; awesome difficult ; bad cool lame difficult absolutely good absolutely");
INSERT INTO ItemReview VALUES (55, "EpicHenry my man", 4, "sad truly a easy cool difficult bad : mostly good : : way too the");
INSERT INTO ItemReview VALUES (22, "EpicHenry my man", 4, "a , easy , . way too a good ,");
INSERT INTO ItemReview VALUES (58, "Tha Jason", 4, "hard way too way too wonderful easy absolutely ; a wonderful awesome ; easy bad sad");
INSERT INTO ItemReview VALUES (34, "FriendlyJohn", 4, "easy awesome wonderful : classic ; epic sad the");
INSERT INTO ItemReview VALUES (15, "EpicIsaac", 3, "; a cool ; the . way too good very wonderful lame");
INSERT INTO ItemReview VALUES (20, "FriendlyJohn", 2, "classic lame ; classic hard . awesome awesome");
INSERT INTO ItemReview VALUES (51, "EpicCrony", 4, "bad . good very : very classic ; awesome classic difficult cool absolutely");
INSERT INTO ItemReview VALUES (33, "Tha Tony The Kid", 1, "wonderful very mostly . epic bad , ; easy a truly");
INSERT INTO ItemReview VALUES (26, "EpicCrony", 3, "wonderful , epic a the mostly the bad bad a ; , difficult");
INSERT INTO ItemReview VALUES (16, "CoolStradika The Kid", 3, "difficult very way too : ; bad good wonderful wonderful cool bad , mostly");
INSERT INTO ItemReview VALUES (55, "EpicIsaac", 1, ", a wonderful wonderful way too ; a cool");
INSERT INTO ItemReview VALUES (35, "CoolManindra", 4, "a easy truly , epic awesome absolutely easy good wonderful absolutely way too . ; way too");
INSERT INTO ItemReview VALUES (7, "Tha James", 4, "hard mostly difficult very epic difficult wonderful bad . sad a wonderful");
INSERT INTO ItemReview VALUES (67, "EpicHog my man", 3, "the . way too way too hard classic classic the truly awesome a absolutely very difficult lame");
INSERT INTO ItemReview VALUES (31, "EpicIsaac", 5, "hard very : absolutely truly , absolutely way too very .");
INSERT INTO ItemReview VALUES (36, "EpicFred", 4, "bad lame cool mostly , a , the way too hard very way too a . cool");

INSERT INTO ItemReview VALUES (45, "EpicIsaac", 5, NULL);
INSERT INTO ItemReview VALUES (3, "EpicFred", 3, NULL);
INSERT INTO ItemReview VALUES (46, "Tha James", 1, NULL);
INSERT INTO ItemReview VALUES (55, "FriendlyJohn", 3, NULL);
INSERT INTO ItemReview VALUES (22, "Tha Tony The Kid", 4, NULL);
INSERT INTO ItemReview VALUES (31, "Barbra", 2, NULL);
INSERT INTO ItemReview VALUES (59, "CoolManindra", 5, NULL);
INSERT INTO ItemReview VALUES (34, "FriendlyJohn", 5, NULL);
INSERT INTO ItemReview VALUES (27, "Tha Tony The Kid", 1, NULL);
INSERT INTO ItemReview VALUES (3, "EpicHenry my man", 4, NULL);
INSERT INTO ItemReview VALUES (40, "EpicIsaac", 1, NULL);
INSERT INTO ItemReview VALUES (4, "Tha Jason", 3, NULL);
INSERT INTO ItemReview VALUES (9, "Tha James", 3, NULL);
INSERT INTO ItemReview VALUES (68, "EpicVignesh", 5, NULL);
INSERT INTO ItemReview VALUES (30, "Tha Tony The Kid", 1, NULL);
INSERT INTO ItemReview VALUES (17, "EpicHenry my man", 5, NULL);
INSERT INTO ItemReview VALUES (4, "CoolStradika The Kid", 2, NULL);
INSERT INTO ItemReview VALUES (42, "Tha Josh", 2, NULL);
INSERT INTO ItemReview VALUES (8, "CoolManindra", 3, NULL);
INSERT INTO ItemReview VALUES (21, "CoolManindra", 1, NULL);
INSERT INTO ItemReview VALUES (53, "Tha Tony The Kid", 1, NULL);
INSERT INTO ItemReview VALUES (2, "Tha Josh", 2, NULL);
INSERT INTO ItemReview VALUES (30, "Tha Josh", 1, NULL);
INSERT INTO ItemReview VALUES (28, "EpicFred", 1, NULL);
INSERT INTO ItemReview VALUES (13, "Tha Josh", 4, NULL);
INSERT INTO ItemReview VALUES (3, "Tha Josh", 2, NULL);
INSERT INTO ItemReview VALUES (61, "Tha Josh", 1, NULL);
INSERT INTO ItemReview VALUES (56, "Tha Josh", 1, NULL);
INSERT INTO ItemReview VALUES (15, "Tha Josh", 1, NULL);
INSERT INTO ItemReview VALUES (34, "EpicIsaac", 1, NULL);
INSERT INTO ItemReview VALUES (3, "Tha Jason", 5, NULL);
INSERT INTO ItemReview VALUES (47, "Tha James", 2, NULL);
INSERT INTO ItemReview VALUES (31, "CoolStradika The Kid", 4, NULL);
INSERT INTO ItemReview VALUES (56, "EpicHog my man", 3, NULL);
INSERT INTO ItemReview VALUES (58, "FriendlyHarry", 2, NULL);
INSERT INTO ItemReview VALUES (62, "EpicVignesh", 4, NULL);
INSERT INTO ItemReview VALUES (24, "EpicFred", 3, NULL);
INSERT INTO ItemReview VALUES (11, "Barbra", 3, NULL);
INSERT INTO ItemReview VALUES (52, "EpicHenry my man", 5, NULL);
INSERT INTO ItemReview VALUES (4, "FriendlyJohn", 5, NULL);
INSERT INTO ItemReview VALUES (48, "FriendlyJohn", 3, NULL);
INSERT INTO ItemReview VALUES (70, "Tha Jerry", 2, NULL);
INSERT INTO ItemReview VALUES (19, "Barbra", 1, NULL);
INSERT INTO ItemReview VALUES (13, "FriendlyHarry", 2, NULL);
INSERT INTO ItemReview VALUES (66, "Tha Jerry", 1, NULL);
INSERT INTO ItemReview VALUES (70, "EpicFred", 1, NULL);
INSERT INTO ItemReview VALUES (14, "FriendlyJohn", 2, NULL);
INSERT INTO ItemReview VALUES (54, "EpicVignesh", 3, NULL);
INSERT INTO ItemReview VALUES (42, "Barbra", 3, NULL);
INSERT INTO ItemReview VALUES (61, "EpicHenry my man", 2, NULL);
INSERT INTO ItemReview VALUES (57, "FriendlyHarry", 3, NULL);
INSERT INTO ItemReview VALUES (12, "FriendlyHarry", 5, NULL);
INSERT INTO ItemReview VALUES (63, "Tha Josh", 4, NULL);
INSERT INTO ItemReview VALUES (68, "EpicHenry my man", 2, NULL);
INSERT INTO ItemReview VALUES (23, "CoolManindra", 5, NULL);
INSERT INTO ItemReview VALUES (29, "FriendlyJohn", 1, NULL);
INSERT INTO ItemReview VALUES (10, "EpicHog my man", 1, NULL);
INSERT INTO ItemReview VALUES (5, "FriendlyJohn", 2, NULL);
INSERT INTO ItemReview VALUES (50, "Tha Jerry", 4, NULL);
INSERT INTO ItemReview VALUES (38, "FriendlyHarry", 3, NULL);
INSERT INTO ItemReview VALUES (12, "Tha Josh", 5, NULL);
INSERT INTO ItemReview VALUES (21, "FriendlyHarry", 5, NULL);
INSERT INTO ItemReview VALUES (60, "EpicFred", 2, NULL);
INSERT INTO ItemReview VALUES (24, "Barbra", 3, NULL);
INSERT INTO ItemReview VALUES (12, "Tha Tony The Kid", 4, NULL);
INSERT INTO ItemReview VALUES (18, "Tha Josh", 4, NULL);
INSERT INTO ItemReview VALUES (35, "Tha Jerry", 1, NULL);
INSERT INTO ItemReview VALUES (43, "Tha Josh", 4, NULL);
INSERT INTO ItemReview VALUES (63, "EpicFred", 4, NULL);
INSERT INTO ItemReview VALUES (59, "EpicIsaac", 4, NULL);
INSERT INTO ItemReview VALUES (46, "FriendlyJohn", 3, NULL);
INSERT INTO ItemReview VALUES (57, "FriendlyJohn", 4, NULL);
INSERT INTO ItemReview VALUES (15, "Tha Jason", 4, NULL);
INSERT INTO ItemReview VALUES (7, "EpicHog my man", 1, NULL);
INSERT INTO ItemReview VALUES (23, "EpicIsaac", 5, NULL);
INSERT INTO ItemReview VALUES (20, "CoolStradika The Kid", 1, NULL);
INSERT INTO ItemReview VALUES (46, "FriendlyHarry", 4, NULL);
INSERT INTO ItemReview VALUES (6, "FriendlyHarry", 1, NULL);
INSERT INTO ItemReview VALUES (63, "CoolManindra", 1, NULL);
INSERT INTO ItemReview VALUES (56, "FriendlyHarry", 3, NULL);
INSERT INTO ItemReview VALUES (64, "CoolStradika The Kid", 3, NULL);
INSERT INTO ItemReview VALUES (4, "FriendlyHarry", 5, NULL);
INSERT INTO ItemReview VALUES (70, "FriendlyJohn", 4, NULL);
INSERT INTO ItemReview VALUES (17, "FriendlyJohn", 4, NULL);
INSERT INTO ItemReview VALUES (16, "Barbra", 2, NULL);
INSERT INTO ItemReview VALUES (34, "Tha James", 2, NULL);
INSERT INTO ItemReview VALUES (48, "CoolManindra", 3, NULL);
INSERT INTO ItemReview VALUES (25, "FriendlyHarry", 2, NULL);
INSERT INTO ItemReview VALUES (43, "EpicHenry my man", 3, NULL);
INSERT INTO ItemReview VALUES (26, "Barbra", 5, NULL);
INSERT INTO ItemReview VALUES (20, "EpicHog my man", 1, NULL);
INSERT INTO ItemReview VALUES (67, "Tha Josh", 4, NULL);
INSERT INTO ItemReview VALUES (57, "Tha James", 3, NULL);
INSERT INTO ItemReview VALUES (65, "FriendlyJohn", 5, NULL);
INSERT INTO ItemReview VALUES (13, "EpicHenry my man", 2, NULL);
INSERT INTO ItemReview VALUES (19, "Tha Jerry", 5, NULL);
INSERT INTO ItemReview VALUES (2, "Tha Jerry", 5, NULL);
INSERT INTO ItemReview VALUES (41, "Tha Tony The Kid", 3, NULL);
INSERT INTO ItemReview VALUES (14, "Tha Jerry", 2, NULL);
INSERT INTO ItemReview VALUES (29, "EpicFred", 1, NULL);
INSERT INTO ItemReview VALUES (2, "Tha Tony The Kid", 4, NULL);
INSERT INTO ItemReview VALUES (66, "Tha James", 2, NULL);
INSERT INTO ItemReview VALUES (15, "FriendlyHarry", 2, NULL);
INSERT INTO ItemReview VALUES (45, "EpicCrony", 2, NULL);
INSERT INTO ItemReview VALUES (61, "Tha James", 5, NULL);
INSERT INTO ItemReview VALUES (28, "FriendlyJohn", 3, NULL);
INSERT INTO ItemReview VALUES (3, "FriendlyHarry", 5, NULL);
INSERT INTO ItemReview VALUES (26, "EpicIsaac", 5, NULL);
INSERT INTO ItemReview VALUES (28, "CoolStradika The Kid", 1, NULL);
INSERT INTO ItemReview VALUES (44, "EpicIsaac", 2, NULL);
INSERT INTO ItemReview VALUES (16, "Tha Jerry", 2, NULL);
INSERT INTO ItemReview VALUES (31, "FriendlyJohn", 5, NULL);
INSERT INTO ItemReview VALUES (46, "CoolStradika The Kid", 5, NULL);
INSERT INTO ItemReview VALUES (2, "EpicFred", 1, NULL);
INSERT INTO ItemReview VALUES (54, "Tha Tony The Kid", 3, NULL);
INSERT INTO ItemReview VALUES (19, "EpicCrony", 5, NULL);
INSERT INTO ItemReview VALUES (7, "EpicVignesh", 1, NULL);
INSERT INTO ItemReview VALUES (56, "EpicVignesh", 3, NULL);
INSERT INTO ItemReview VALUES (1, "Tha Tony The Kid", 2, NULL);
INSERT INTO ItemReview VALUES (42, "FriendlyHarry", 5, NULL);
INSERT INTO ItemReview VALUES (46, "EpicHenry my man", 2, NULL);
INSERT INTO ItemReview VALUES (43, "Tha Jerry", 3, NULL);
INSERT INTO ItemReview VALUES (34, "EpicHog my man", 2, NULL);
INSERT INTO ItemReview VALUES (8, "EpicHog my man", 4, NULL);
INSERT INTO ItemReview VALUES (52, "EpicVignesh", 2, NULL);
INSERT INTO ItemReview VALUES (40, "Tha James", 1, NULL);
INSERT INTO ItemReview VALUES (43, "EpicVignesh", 3, NULL);
INSERT INTO ItemReview VALUES (4, "Tha James", 2, NULL);
INSERT INTO ItemReview VALUES (44, "EpicFred", 4, NULL);
INSERT INTO ItemReview VALUES (39, "EpicFred", 1, NULL);
INSERT INTO ItemReview VALUES (5, "Tha Jerry", 3, NULL);
INSERT INTO ItemReview VALUES (37, "FriendlyJohn", 2, NULL);
INSERT INTO ItemReview VALUES (62, "EpicIsaac", 2, NULL);
INSERT INTO ItemReview VALUES (7, "FriendlyJohn", 2, NULL);
INSERT INTO ItemReview VALUES (37, "Tha James", 4, NULL);
INSERT INTO ItemReview VALUES (18, "Tha Tony The Kid", 2, NULL);
INSERT INTO ItemReview VALUES (49, "EpicFred", 4, NULL);
INSERT INTO ItemReview VALUES (4, "EpicFred", 1, NULL);
INSERT INTO ItemReview VALUES (18, "Barbra", 2, NULL);
INSERT INTO ItemReview VALUES (17, "Tha Jason", 1, NULL);
INSERT INTO ItemReview VALUES (58, "EpicIsaac", 5, NULL);
INSERT INTO ItemReview VALUES (47, "Tha Josh", 3, NULL);
INSERT INTO ItemReview VALUES (17, "EpicHog my man", 5, NULL);
INSERT INTO ItemReview VALUES (60, "Tha Jerry", 4, NULL);
INSERT INTO ItemReview VALUES (29, "Tha Jason", 2, NULL);
INSERT INTO ItemReview VALUES (31, "EpicVignesh", 3, NULL);
INSERT INTO ItemReview VALUES (31, "CoolManindra", 5, NULL);
INSERT INTO ItemReview VALUES (31, "Tha Tony The Kid", 2, NULL);
INSERT INTO ItemReview VALUES (28, "Tha Jerry", 1, NULL);
INSERT INTO ItemReview VALUES (57, "CoolManindra", 1, NULL);
INSERT INTO ItemReview VALUES (62, "Tha Josh", 2, NULL);
INSERT INTO ItemReview VALUES (9, "EpicIsaac", 4, NULL);
INSERT INTO ItemReview VALUES (62, "FriendlyJohn", 4, NULL);
INSERT INTO ItemReview VALUES (21, "Tha Jerry", 3, NULL);
INSERT INTO ItemReview VALUES (56, "CoolStradika The Kid", 1, NULL);
INSERT INTO ItemReview VALUES (49, "Tha Tony The Kid", 2, NULL);
INSERT INTO ItemReview VALUES (23, "Tha Josh", 4, NULL);
INSERT INTO ItemReview VALUES (3, "EpicVignesh", 1, NULL);
INSERT INTO ItemReview VALUES (63, "Tha James", 1, NULL);
INSERT INTO ItemReview VALUES (14, "Tha James", 3, NULL);
INSERT INTO ItemReview VALUES (28, "Barbra", 3, NULL);
INSERT INTO ItemReview VALUES (55, "EpicHenry my man", 3, NULL);
INSERT INTO ItemReview VALUES (49, "CoolStradika The Kid", 4, NULL);
INSERT INTO ItemReview VALUES (65, "Barbra", 5, NULL);
INSERT INTO ItemReview VALUES (36, "EpicFred", 2, NULL);
INSERT INTO ItemReview VALUES (55, "Tha Josh", 3, NULL);
INSERT INTO ItemReview VALUES (38, "Tha Jason", 5, NULL);
INSERT INTO ItemReview VALUES (42, "Tha James", 1, NULL);
INSERT INTO ItemReview VALUES (63, "Tha Jason", 1, NULL);
INSERT INTO ItemReview VALUES (59, "EpicFred", 1, NULL);
INSERT INTO ItemReview VALUES (14, "EpicIsaac", 5, NULL);
INSERT INTO ItemReview VALUES (33, "FriendlyHarry", 5, NULL);
INSERT INTO ItemReview VALUES (67, "Barbra", 1, NULL);
INSERT INTO ItemReview VALUES (37, "Barbra", 5, NULL);
INSERT INTO ItemReview VALUES (34, "Tha Jason", 2, NULL);
INSERT INTO ItemReview VALUES (13, "Tha Jerry", 1, NULL);
INSERT INTO ItemReview VALUES (23, "CoolStradika The Kid", 5, NULL);
INSERT INTO ItemReview VALUES (25, "EpicCrony", 1, NULL);
INSERT INTO ItemReview VALUES (21, "FriendlyJohn", 3, NULL);
INSERT INTO ItemReview VALUES (31, "Tha Jason", 2, NULL);
INSERT INTO ItemReview VALUES (26, "CoolManindra", 1, NULL);
INSERT INTO ItemReview VALUES (44, "Tha Jerry", 4, NULL);
INSERT INTO ItemReview VALUES (37, "EpicVignesh", 4, NULL);
INSERT INTO ItemReview VALUES (52, "CoolManindra", 4, NULL);
INSERT INTO ItemReview VALUES (51, "FriendlyHarry", 4, NULL);
INSERT INTO ItemReview VALUES (30, "Tha Jerry", 3, NULL);
INSERT INTO ItemReview VALUES (33, "EpicCrony", 3, NULL);
INSERT INTO ItemReview VALUES (18, "CoolStradika The Kid", 3, NULL);
INSERT INTO ItemReview VALUES (28, "Tha Tony The Kid", 4, NULL);
INSERT INTO ItemReview VALUES (61, "Tha Jason", 2, NULL);
INSERT INTO ItemReview VALUES (41, "FriendlyHarry", 1, NULL);
INSERT INTO ItemReview VALUES (24, "FriendlyHarry", 5, NULL);
INSERT INTO ItemReview VALUES (16, "Tha Josh", 2, NULL);
INSERT INTO ItemReview VALUES (36, "Tha Tony The Kid", 1, NULL);
INSERT INTO ItemReview VALUES (20, "Barbra", 5, NULL);
INSERT INTO ItemReview VALUES (50, "EpicIsaac", 2, NULL);
INSERT INTO ItemReview VALUES (62, "FriendlyHarry", 4, NULL);
INSERT INTO ItemReview VALUES (36, "Tha Josh", 4, NULL);
INSERT INTO ItemReview VALUES (62, "EpicCrony", 2, NULL);
INSERT INTO ItemReview VALUES (47, "CoolStradika The Kid", 2, NULL);
INSERT INTO ItemReview VALUES (14, "Tha Tony The Kid", 4, NULL);
INSERT INTO ItemReview VALUES (21, "Tha Tony The Kid", 2, NULL);
INSERT INTO ItemReview VALUES (52, "Tha Jason", 3, NULL);
INSERT INTO ItemReview VALUES (48, "FriendlyHarry", 1, NULL);
INSERT INTO ItemReview VALUES (11, "EpicVignesh", 1, NULL);
INSERT INTO ItemReview VALUES (26, "Tha James", 2, NULL);
INSERT INTO ItemReview VALUES (42, "Tha Tony The Kid", 4, NULL);
INSERT INTO ItemReview VALUES (8, "EpicCrony", 1, NULL);
INSERT INTO ItemReview VALUES (68, "EpicCrony", 2, NULL);
INSERT INTO ItemReview VALUES (29, "Tha Josh", 2, NULL);
INSERT INTO ItemReview VALUES (47, "FriendlyJohn", 5, NULL);
INSERT INTO ItemReview VALUES (46, "Tha Josh", 3, NULL);
INSERT INTO ItemReview VALUES (63, "Barbra", 5, NULL);
INSERT INTO ItemReview VALUES (24, "EpicIsaac", 3, NULL);
INSERT INTO ItemReview VALUES (36, "EpicHenry my man", 1, NULL);
INSERT INTO ItemReview VALUES (56, "EpicFred", 5, NULL);
INSERT INTO ItemReview VALUES (35, "EpicHenry my man", 4, NULL);
INSERT INTO ItemReview VALUES (11, "EpicHog my man", 1, NULL);
INSERT INTO ItemReview VALUES (13, "FriendlyJohn", 3, NULL);
INSERT INTO ItemReview VALUES (40, "Tha Tony The Kid", 1, NULL);
INSERT INTO ItemReview VALUES (66, "FriendlyJohn", 2, NULL);
INSERT INTO ItemReview VALUES (40, "FriendlyHarry", 2, NULL);
INSERT INTO ItemReview VALUES (67, "EpicHenry my man", 1, NULL);
INSERT INTO ItemReview VALUES (38, "Barbra", 3, NULL);
INSERT INTO ItemReview VALUES (23, "FriendlyJohn", 1, NULL);
INSERT INTO ItemReview VALUES (53, "Barbra", 3, NULL);
INSERT INTO ItemReview VALUES (15, "EpicHenry my man", 3, NULL);
INSERT INTO ItemReview VALUES (34, "EpicFred", 4, NULL);
INSERT INTO ItemReview VALUES (6, "Tha Jerry", 3, NULL);
INSERT INTO ItemReview VALUES (63, "EpicIsaac", 2, NULL);
INSERT INTO ItemReview VALUES (11, "FriendlyJohn", 5, NULL);
INSERT INTO ItemReview VALUES (45, "CoolStradika The Kid", 2, NULL);
INSERT INTO ItemReview VALUES (5, "Barbra", 4, NULL);
INSERT INTO ItemReview VALUES (65, "EpicVignesh", 3, NULL);
INSERT INTO ItemReview VALUES (47, "Barbra", 2, NULL);
INSERT INTO ItemReview VALUES (9, "CoolManindra", 3, NULL);
INSERT INTO ItemReview VALUES (33, "Tha Jason", 4, NULL);
INSERT INTO ItemReview VALUES (12, "Barbra", 3, NULL);
INSERT INTO ItemReview VALUES (38, "EpicCrony", 4, NULL);
INSERT INTO ItemReview VALUES (20, "CoolManindra", 4, NULL);
INSERT INTO ItemReview VALUES (7, "FriendlyHarry", 4, NULL);
INSERT INTO ItemReview VALUES (40, "EpicHenry my man", 5, NULL);
INSERT INTO ItemReview VALUES (44, "EpicVignesh", 2, NULL);
INSERT INTO ItemReview VALUES (13, "Tha Tony The Kid", 2, NULL);
INSERT INTO ItemReview VALUES (64, "FriendlyJohn", 1, NULL);
INSERT INTO ItemReview VALUES (55, "EpicFred", 2, NULL);
INSERT INTO ItemReview VALUES (54, "Tha Jason", 5, NULL);
INSERT INTO ItemReview VALUES (65, "EpicFred", 3, NULL);
INSERT INTO ItemReview VALUES (6, "Tha James", 2, NULL);
INSERT INTO ItemReview VALUES (7, "CoolManindra", 3, NULL);
INSERT INTO ItemReview VALUES (34, "CoolManindra", 1, NULL);
INSERT INTO ItemReview VALUES (5, "EpicIsaac", 1, NULL);
INSERT INTO ItemReview VALUES (13, "Tha James", 3, NULL);
INSERT INTO ItemReview VALUES (12, "EpicVignesh", 2, NULL);
INSERT INTO ItemReview VALUES (30, "Tha James", 2, NULL);
INSERT INTO ItemReview VALUES (38, "EpicHenry my man", 3, NULL);
INSERT INTO ItemReview VALUES (66, "EpicFred", 5, NULL);
INSERT INTO ItemReview VALUES (54, "EpicHog my man", 1, NULL);
INSERT INTO ItemReview VALUES (36, "FriendlyJohn", 5, NULL);
INSERT INTO ItemReview VALUES (9, "EpicVignesh", 4, NULL);
INSERT INTO ItemReview VALUES (62, "CoolStradika The Kid", 2, NULL);
INSERT INTO ItemReview VALUES (59, "EpicHog my man", 3, NULL);
INSERT INTO ItemReview VALUES (46, "EpicFred", 1, NULL);
INSERT INTO ItemReview VALUES (70, "Tha Jason", 4, NULL);
INSERT INTO ItemReview VALUES (45, "Tha James", 4, NULL);
INSERT INTO ItemReview VALUES (44, "EpicHenry my man", 5, NULL);
INSERT INTO ItemReview VALUES (70, "FriendlyHarry", 5, NULL);
INSERT INTO ItemReview VALUES (68, "Tha Tony The Kid", 2, NULL);
INSERT INTO ItemReview VALUES (36, "EpicIsaac", 5, NULL);
INSERT INTO ItemReview VALUES (64, "EpicHog my man", 2, NULL);
INSERT INTO ItemReview VALUES (38, "EpicIsaac", 5, NULL);
INSERT INTO ItemReview VALUES (17, "Tha Josh", 2, NULL);
INSERT INTO ItemReview VALUES (49, "EpicVignesh", 5, NULL);
INSERT INTO ItemReview VALUES (30, "Barbra", 1, NULL);
INSERT INTO ItemReview VALUES (24, "EpicVignesh", 1, NULL);
INSERT INTO ItemReview VALUES (32, "CoolManindra", 4, NULL);
INSERT INTO ItemReview VALUES (60, "CoolStradika The Kid", 3, NULL);
INSERT INTO ItemReview VALUES (22, "FriendlyHarry", 3, NULL);
INSERT INTO ItemReview VALUES (57, "CoolStradika The Kid", 4, NULL);
INSERT INTO ItemReview VALUES (1, "EpicFred", 2, NULL);
INSERT INTO ItemReview VALUES (61, "FriendlyJohn", 3, NULL);
INSERT INTO ItemReview VALUES (57, "EpicHog my man", 3, NULL);
INSERT INTO ItemReview VALUES (18, "FriendlyJohn", 2, NULL);
INSERT INTO ItemReview VALUES (53, "Tha Josh", 5, NULL);
INSERT INTO ItemReview VALUES (63, "EpicHog my man", 5, NULL);
INSERT INTO ItemReview VALUES (17, "Barbra", 1, NULL);
INSERT INTO ItemReview VALUES (11, "EpicFred", 4, NULL);
INSERT INTO ItemReview VALUES (10, "EpicIsaac", 4, NULL);
INSERT INTO ItemReview VALUES (15, "FriendlyJohn", 1, NULL);
INSERT INTO ItemReview VALUES (54, "EpicHenry my man", 2, NULL);
INSERT INTO ItemReview VALUES (46, "CoolManindra", 4, NULL);
INSERT INTO ItemReview VALUES (4, "EpicVignesh", 4, NULL);
INSERT INTO ItemReview VALUES (36, "Tha Jason", 5, NULL);
INSERT INTO ItemReview VALUES (24, "Tha James", 4, NULL);
INSERT INTO ItemReview VALUES (57, "Tha Jerry", 3, NULL);
INSERT INTO ItemReview VALUES (3, "EpicIsaac", 4, NULL);
INSERT INTO ItemReview VALUES (24, "CoolStradika The Kid", 2, NULL);
INSERT INTO ItemReview VALUES (70, "Barbra", 3, NULL);
INSERT INTO ItemReview VALUES (39, "EpicCrony", 1, NULL);
INSERT INTO ItemReview VALUES (1, "Tha Jerry", 1, NULL);
INSERT INTO ItemReview VALUES (12, "CoolStradika The Kid", 4, NULL);
INSERT INTO ItemReview VALUES (51, "Tha Jerry", 3, NULL);
INSERT INTO ItemReview VALUES (23, "Tha Jerry", 3, NULL);
INSERT INTO ItemReview VALUES (14, "Tha Josh", 2, NULL);
INSERT INTO ItemReview VALUES (21, "Tha Josh", 4, NULL);
INSERT INTO ItemReview VALUES (6, "EpicIsaac", 5, NULL);
INSERT INTO ItemReview VALUES (54, "Tha Josh", 5, NULL);
INSERT INTO ItemReview VALUES (19, "Tha Tony The Kid", 4, NULL);
INSERT INTO ItemReview VALUES (17, "EpicFred", 3, NULL);
INSERT INTO ItemReview VALUES (37, "EpicHenry my man", 1, NULL);
INSERT INTO ItemReview VALUES (20, "FriendlyJohn", 1, NULL);
INSERT INTO ItemReview VALUES (12, "Tha Jerry", 4, NULL);
INSERT INTO ItemReview VALUES (6, "Tha Jason", 2, NULL);
INSERT INTO ItemReview VALUES (47, "EpicHenry my man", 1, NULL);
INSERT INTO ItemReview VALUES (11, "FriendlyHarry", 2, NULL);
INSERT INTO ItemReview VALUES (26, "EpicHog my man", 1, NULL);
INSERT INTO ItemReview VALUES (61, "EpicHog my man", 4, NULL);
INSERT INTO ItemReview VALUES (38, "CoolStradika The Kid", 2, NULL);
INSERT INTO ItemReview VALUES (9, "Tha Josh", 5, NULL);
INSERT INTO ItemReview VALUES (38, "CoolManindra", 4, NULL);
INSERT INTO ItemReview VALUES (48, "EpicHenry my man", 4, NULL);
INSERT INTO ItemReview VALUES (44, "Tha Josh", 1, NULL);
INSERT INTO ItemReview VALUES (11, "EpicHenry my man", 1, NULL);
INSERT INTO ItemReview VALUES (37, "CoolStradika The Kid", 2, NULL);
INSERT INTO ItemReview VALUES (26, "Tha Tony The Kid", 1, NULL);
INSERT INTO ItemReview VALUES (8, "Tha Jerry", 5, NULL);
INSERT INTO ItemReview VALUES (64, "Tha Jerry", 5, NULL);
INSERT INTO ItemReview VALUES (62, "Tha Tony The Kid", 1, NULL);
INSERT INTO ItemReview VALUES (19, "Tha James", 1, NULL);
INSERT INTO ItemReview VALUES (41, "Barbra", 4, NULL);
INSERT INTO ItemReview VALUES (55, "Tha Jerry", 4, NULL);
INSERT INTO ItemReview VALUES (25, "FriendlyJohn", 2, NULL);
INSERT INTO ItemReview VALUES (68, "CoolStradika The Kid", 4, NULL);
INSERT INTO ItemReview VALUES (12, "EpicFred", 2, NULL);
INSERT INTO ItemReview VALUES (14, "FriendlyHarry", 5, NULL);
INSERT INTO ItemReview VALUES (11, "Tha Jerry", 4, NULL);
INSERT INTO ItemReview VALUES (12, "EpicHog my man", 5, NULL);
INSERT INTO ItemReview VALUES (45, "Tha Josh", 3, NULL);
INSERT INTO ItemReview VALUES (25, "Barbra", 3, NULL);
INSERT INTO ItemReview VALUES (69, "EpicHenry my man", 5, NULL);
INSERT INTO ItemReview VALUES (1, "CoolStradika The Kid", 3, NULL);
INSERT INTO ItemReview VALUES (65, "Tha Jason", 2, NULL);
INSERT INTO ItemReview VALUES (42, "EpicFred", 5, NULL);
INSERT INTO ItemReview VALUES (5, "EpicHenry my man", 2, NULL);
INSERT INTO ItemReview VALUES (24, "EpicHog my man", 1, NULL);
INSERT INTO ItemReview VALUES (12, "FriendlyJohn", 1, NULL);
INSERT INTO ItemReview VALUES (38, "EpicHog my man", 5, NULL);
INSERT INTO ItemReview VALUES (49, "Tha James", 2, NULL);
